转发关系网络,2018-11-26,24428,8357,6718,6808
转发关系网络,2018-11-27,24428,9264,8693,8701
转发关系网络,2018-11-28,24428,2141,1570,1622
转发关系网络,2018-11-29,24428,2191,1973,1987
转发关系网络,2018-11-30,24428,1357,1143,1142
转发关系网络,2018-12-01,24428,202,103,102
转发关系网络,2018-12-02,24428,183,129,128
转发关系网络,2018-12-03,24428,136,104,103
转发关系网络,2018-12-04,24428,36,10,9
转发关系网络,2018-12-05,24428,17,8,7
转发关系网络,2018-12-06,24428,12,5,5
转发关系网络,2018-12-07,24428,17,8,7
转发关系网络,2018-12-08,24428,6,3,2
转发关系网络,2018-12-09,24428,7,3,2
转发关系网络,2018-12-10,24428,9,5,4
转发关系网络,2018-12-11,24428,10,4,3
转发关系网络,2018-12-12,24428,4,3,2
转发关系网络,2018-12-13,24428,5,4,3
转发关系网络,2018-12-14,24428,4,2,1
转发关系网络,2018-12-15,24428,6,5,4
转发关系网络,2018-12-16,24428,4,3,2
转发关系网络,2018-12-17,24428,4,3,2
转发关系网络,2018-12-18,24428,7,6,5
转发关系网络,2018-12-19,24428,3,3,2
转发关系网络,2018-12-20,24428,5,4,3
转发关系网络,2018-12-21,24428,1,2,1
转发关系网络,2018-12-22,24428,2,3,2
转发关系网络,2018-12-23,24428,3,3,2
转发关系网络,2018-12-24,24428,5,3,2
转发关系网络,2018-12-25,24428,2,2,1
转发关系网络,2018-12-26,24428,2,3,2
转发关系网络,2018-12-27,24428,0,1,0
转发关系网络,2018-12-28,24428,2,3,2
转发关系网络,2018-12-29,24428,4,4,3
转发关系网络,2018-12-30,24428,2,3,2
转发关系网络,2018-12-31,24428,3,4,3
转发关系网络,2019-01-01,24428,2,3,2
转发关系网络,2019-01-02,24428,2,3,2
转发关系网络,2019-01-03,24428,4,5,4
转发关系网络,2019-01-04,24428,0,1,0
转发关系网络,2019-01-05,24428,4,4,3
转发关系网络,2019-01-06,24428,4,4,3
转发关系网络,2019-01-07,24428,0,1,0
转发关系网络,2019-01-08,24428,2,3,2
转发关系网络,2019-01-09,24428,1,2,1
转发关系网络,2019-01-10,24428,1,2,1
转发关系网络,2019-01-11,24428,2,3,2
转发关系网络,2019-01-12,24428,0,1,0
转发关系网络,2019-01-13,24428,2,2,1
转发关系网络,2019-01-14,24428,0,1,0
转发关系网络,2019-01-15,24428,1,2,1
转发关系网络,2019-01-16,24428,0,1,0
转发关系网络,2019-01-17,24428,0,1,0
转发关系网络,2019-01-18,24428,0,1,0
转发关系网络,2019-01-19,24428,0,1,0
转发关系网络,2019-01-20,24428,0,1,0
转发关系网络,2019-01-21,24428,98,63,63
转发关系网络,2019-01-22,24428,42,24,23
转发关系网络,2019-01-23,24428,3,3,2
转发关系网络,2019-01-24,24428,2,2,1
转发关系网络,2019-01-25,24428,0,1,0
转发关系网络,2019-01-26,24428,0,1,0
转发关系网络,2019-01-27,24428,0,1,0
转发关系网络,2019-01-28,24428,0,1,0
转发关系网络,2019-01-29,24428,1,2,1
转发关系网络,2019-01-30,24428,1,2,1
转发关系网络,2019-01-31,24428,0,1,0
转发关系网络,2019-02-01,24428,1,2,1
转发关系网络,2019-02-02,24428,0,1,0
转发关系网络,2019-02-03,24428,0,1,0
转发关系网络,2019-02-04,24428,0,1,0
转发关系网络,2019-02-05,24428,0,1,0
转发关系网络,2019-02-06,24428,0,1,0
转发关系网络,2019-02-07,24428,0,1,0
转发关系网络,2019-02-08,24428,1,2,1
转发关系网络,2019-02-09,24428,0,1,0
转发关系网络,2019-02-10,24428,0,1,0
转发关系网络,2019-02-11,24428,0,1,0
转发关系网络,2019-02-12,24428,0,1,0
转发关系网络,2019-02-13,24428,0,1,0
转发关系网络,2019-02-14,24428,0,1,0
转发关系网络,2019-02-15,24428,0,1,0
转发关系网络,2019-02-16,24428,0,1,0
转发关系网络,2019-02-17,24428,0,1,0
转发关系网络,2019-02-18,24428,0,1,0
转发关系网络,2019-02-19,24428,0,1,0
转发关系网络,2019-02-20,24428,1,2,1
转发关系网络,2019-02-21,24428,1,2,1
转发关系网络,2019-02-22,24428,1,2,1
转发关系网络,2019-02-23,24428,0,1,0
转发关系网络,2019-02-24,24428,0,1,0
转发关系网络,2019-02-25,24428,0,1,0
转发关系网络,2019-02-26,24428,1,2,1
转发关系网络,2019-02-27,24428,0,1,0
转发关系网络,2019-02-28,24428,0,1,0
转发关系网络,2019-03-01,24428,0,1,0
转发关系网络,2019-03-02,24428,0,1,0
转发关系网络,2019-03-03,24428,0,1,0
转发关系网络,2019-03-04,24428,0,1,0
转发关系网络,2019-03-05,24428,1,2,1
转发关系网络,2019-03-06,24428,0,1,0
转发关系网络,2019-03-07,24428,0,1,0
转发关系网络,2019-03-08,24428,0,1,0
转发关系网络,2019-03-09,24428,0,1,0
转发关系网络,2019-03-10,24428,0,1,0
转发关系网络,2019-03-11,24428,0,1,0
转发关系网络,2019-03-12,24428,0,1,0
转发关系网络,2019-03-13,24428,0,1,0
转发关系网络,2019-03-14,24428,0,1,0
转发关系网络,2019-03-15,24428,0,1,0
转发关系网络,2019-03-16,24428,0,1,0
转发关系网络,2019-03-17,24428,0,1,0
转发关系网络,2019-03-18,24428,0,1,0
转发关系网络,2019-03-19,24428,0,1,0
转发关系网络,2019-03-20,24428,0,1,0
转发关系网络,2019-03-21,24428,0,1,0
转发关系网络,2019-03-22,24428,0,1,0
转发关系网络,2019-03-23,24428,0,1,0
转发关系网络,2019-03-24,24428,0,1,0
转发关系网络,2019-03-25,24428,1,2,1
转发关系网络,2019-03-26,24428,0,1,0
转发关系网络,2019-03-27,24428,0,1,0
转发关系网络,2019-03-28,24428,0,1,0
转发关系网络,2019-03-29,24428,0,1,0
转发关系网络,2019-03-30,24428,0,1,0
转发关系网络,2019-03-31,24428,0,1,0
转发关系网络,2019-04-01,24428,0,1,0
转发关系网络,2019-04-02,24428,0,1,0
转发关系网络,2019-04-03,24428,1,2,1
转发关系网络,2019-04-04,24428,0,1,0
转发关系网络,2019-04-05,24428,0,1,0
转发关系网络,2019-04-06,24428,0,1,0
转发关系网络,2019-04-07,24428,0,1,0
转发关系网络,2019-04-08,24428,0,1,0
转发关系网络,2019-04-09,24428,0,1,0
转发关系网络,2019-04-10,24428,0,1,0
转发关系网络,2019-04-11,24428,0,1,0
转发关系网络,2019-04-12,24428,0,1,0
转发关系网络,2019-04-13,24428,0,1,0
转发关系网络,2019-04-14,24428,0,1,0
转发关系网络,2019-04-15,24428,0,1,0
转发关系网络,2019-04-16,24428,1,2,1
回复关系网络,2018-11-26,7511,2306,761,818
回复关系网络,2018-11-27,7511,2408,1612,1797
回复关系网络,2018-11-28,7511,1373,864,1009
回复关系网络,2018-11-29,7511,1200,905,1024
回复关系网络,2018-11-30,7511,408,153,156
回复关系网络,2018-12-01,7511,210,113,115
回复关系网络,2018-12-02,7511,146,100,100
回复关系网络,2018-12-03,7511,139,112,115
回复关系网络,2018-12-04,7511,30,16,16
回复关系网络,2018-12-05,7511,16,5,4
回复关系网络,2018-12-06,7511,12,3,2
回复关系网络,2018-12-07,7511,4,2,1
回复关系网络,2018-12-08,7511,2,2,1
回复关系网络,2018-12-09,7511,3,2,1
回复关系网络,2018-12-10,7511,4,3,2
回复关系网络,2018-12-11,7511,3,2,1
回复关系网络,2018-12-12,7511,5,2,1
回复关系网络,2018-12-13,7511,6,3,2
回复关系网络,2018-12-14,7511,1,2,1
回复关系网络,2018-12-15,7511,1,2,1
回复关系网络,2018-12-16,7511,1,2,1
回复关系网络,2018-12-17,7511,1,2,1
回复关系网络,2018-12-18,7511,0,1,0
回复关系网络,2018-12-19,7511,2,2,1
回复关系网络,2018-12-20,7511,1,2,1
回复关系网络,2018-12-21,7511,0,1,0
回复关系网络,2018-12-22,7511,0,1,0
回复关系网络,2018-12-23,7511,0,1,0
回复关系网络,2018-12-24,7511,1,2,1
回复关系网络,2018-12-25,7511,1,2,1
回复关系网络,2018-12-26,7511,2,3,2
回复关系网络,2018-12-27,7511,2,2,1
回复关系网络,2018-12-28,7511,1,2,1
回复关系网络,2018-12-29,7511,3,2,1
回复关系网络,2018-12-30,7511,1,2,1
回复关系网络,2018-12-31,7511,1,2,1
回复关系网络,2019-01-01,7511,3,2,1
回复关系网络,2019-01-02,7511,1,2,1
回复关系网络,2019-01-03,7511,0,1,0
回复关系网络,2019-01-04,7511,1,2,1
回复关系网络,2019-01-05,7511,3,2,1
回复关系网络,2019-01-06,7511,0,1,0
回复关系网络,2019-01-07,7511,0,1,0
回复关系网络,2019-01-08,7511,1,2,1
回复关系网络,2019-01-09,7511,0,1,0
回复关系网络,2019-01-10,7511,0,1,0
回复关系网络,2019-01-11,7511,0,1,0
回复关系网络,2019-01-12,7511,0,1,0
回复关系网络,2019-01-13,7511,0,1,0
回复关系网络,2019-01-14,7511,0,1,0
回复关系网络,2019-01-15,7511,0,1,0
回复关系网络,2019-01-16,7511,1,2,1
回复关系网络,2019-01-17,7511,0,1,0
回复关系网络,2019-01-18,7511,0,1,0
回复关系网络,2019-01-19,7511,1,2,1
回复关系网络,2019-01-20,7511,0,1,0
回复关系网络,2019-01-21,7511,68,51,50
回复关系网络,2019-01-22,7511,40,24,25
回复关系网络,2019-01-23,7511,1,2,1
回复关系网络,2019-01-24,7511,1,2,1
回复关系网络,2019-01-25,7511,3,2,1
回复关系网络,2019-01-26,7511,1,2,1
回复关系网络,2019-01-27,7511,0,1,0
回复关系网络,2019-01-28,7511,0,1,0
回复关系网络,2019-01-29,7511,0,1,0
回复关系网络,2019-01-30,7511,0,1,0
回复关系网络,2019-01-31,7511,1,2,1
回复关系网络,2019-02-01,7511,0,1,0
回复关系网络,2019-02-02,7511,0,1,0
回复关系网络,2019-02-03,7511,0,1,0
回复关系网络,2019-02-04,7511,0,1,0
回复关系网络,2019-02-05,7511,0,1,0
回复关系网络,2019-02-06,7511,1,2,1
回复关系网络,2019-02-07,7511,0,1,0
回复关系网络,2019-02-08,7511,0,1,0
回复关系网络,2019-02-09,7511,0,1,0
回复关系网络,2019-02-10,7511,0,1,0
回复关系网络,2019-02-11,7511,0,1,0
回复关系网络,2019-02-12,7511,0,1,0
回复关系网络,2019-02-13,7511,0,1,0
回复关系网络,2019-02-14,7511,4,5,4
回复关系网络,2019-02-15,7511,0,1,0
回复关系网络,2019-02-16,7511,0,1,0
回复关系网络,2019-02-17,7511,0,1,0
回复关系网络,2019-02-18,7511,0,1,0
回复关系网络,2019-02-19,7511,0,1,0
回复关系网络,2019-02-20,7511,0,1,0
回复关系网络,2019-02-21,7511,0,1,0
回复关系网络,2019-02-22,7511,0,1,0
回复关系网络,2019-02-23,7511,0,1,0
回复关系网络,2019-02-24,7511,1,2,1
回复关系网络,2019-02-25,7511,0,1,0
回复关系网络,2019-02-26,7511,0,1,0
回复关系网络,2019-02-27,7511,0,1,0
回复关系网络,2019-02-28,7511,0,1,0
回复关系网络,2019-03-01,7511,0,1,0
回复关系网络,2019-03-02,7511,0,1,0
回复关系网络,2019-03-03,7511,0,1,0
回复关系网络,2019-03-04,7511,0,1,0
回复关系网络,2019-03-05,7511,0,1,0
回复关系网络,2019-03-06,7511,0,1,0
回复关系网络,2019-03-07,7511,0,1,0
回复关系网络,2019-03-08,7511,0,1,0
回复关系网络,2019-03-09,7511,0,1,0
回复关系网络,2019-03-10,7511,0,1,0
回复关系网络,2019-03-11,7511,0,1,0
回复关系网络,2019-03-12,7511,0,1,0
回复关系网络,2019-03-13,7511,0,1,0
回复关系网络,2019-03-14,7511,0,1,0
回复关系网络,2019-03-15,7511,0,1,0
回复关系网络,2019-03-16,7511,0,1,0
回复关系网络,2019-03-17,7511,0,1,0
回复关系网络,2019-03-18,7511,0,1,0
回复关系网络,2019-03-19,7511,0,1,0
回复关系网络,2019-03-20,7511,0,1,0
回复关系网络,2019-03-21,7511,0,1,0
回复关系网络,2019-03-22,7511,0,1,0
回复关系网络,2019-03-23,7511,0,1,0
回复关系网络,2019-03-24,7511,0,1,0
回复关系网络,2019-03-25,7511,0,1,0
回复关系网络,2019-03-26,7511,0,1,0
回复关系网络,2019-03-27,7511,0,1,0
回复关系网络,2019-03-28,7511,0,1,0
回复关系网络,2019-03-29,7511,0,1,0
回复关系网络,2019-03-30,7511,0,1,0
回复关系网络,2019-03-31,7511,0,1,0
回复关系网络,2019-04-01,7511,0,1,0
回复关系网络,2019-04-02,7511,0,1,0
回复关系网络,2019-04-03,7511,0,1,0
回复关系网络,2019-04-04,7511,0,1,0
回复关系网络,2019-04-05,7511,0,1,0
回复关系网络,2019-04-06,7511,0,1,0
回复关系网络,2019-04-07,7511,0,1,0
回复关系网络,2019-04-08,7511,1,1,0
词语网络,2018-11-26,153,1218,153,1218
词语网络,2018-11-27,395,2445,369,2373
词语网络,2018-11-28,300,1405,286,1363
词语网络,2018-11-29,153,954,138,907
词语网络,2018-11-30,65,371,65,371
词语网络,2018-12-03,23,100,18,90
词语网络,2018-12-04,10,45,10,45
词语网络,2018-12-05,10,45,10,45
用户相似性网络,2018-11-26,2823,300373,2811,300367
用户相似性网络,2018-11-27,1224,49113,1222,49112
用户相似性网络,2018-11-28,1050,41613,1048,41612
用户相似性网络,2018-11-29,811,24772,801,24767
用户相似性网络,2018-11-30,143,967,132,960
用户相似性网络,2018-12-01,106,773,104,772
用户相似性网络,2018-12-02,78,338,69,326
用户相似性网络,2018-12-03,34,91,34,91
用户相似性网络,2018-12-04,8,15,8,15
用户相似性网络,2018-12-05,8,5,4,3
